{
  "distanceThreshold":0.6,"labeledDescriptors":[
  {"label":"Employee123","descriptors":
  [[-0.10824760049581528,-0.00744609022513032,0.06711971759796143,-0.012235190719366074,0.006813481915742159,-0.05905706807971001,-0.010073632933199406,0.015598950907588005,0.21372312307357788,-0.08766540139913559,0.20053675770759583,-0.007635083980858326,-0.25951358675956726,-0.05948856472969055,-0.0718197375535965,0.1378302425146103,-0.13361850380897522,-0.07493719458580017,-0.05733885616064072,-0.07623961567878723,0.08212777227163315,-0.051051490008831024,-0.05235352739691734,0.07900620996952057,-0.11207706481218338,-0.2562197148799896,-0.0616903193295002,-0.148713618516922,0.03624577820301056,-0.15276756882667542,-0.052005939185619354,0.006554683670401573,-0.10176827758550644,-0.029546406120061874,-0.05389018729329109,0.07738784700632095,0.018745167180895805,-0.07390972971916199,0.1703302413225174,-0.012405534274876118,-0.10078205913305283,-0.030868258327245712,-0.04371827840805054,0.24812781810760498,0.17550422251224518,0.11444929987192154,0.035318467766046524,-0.0074835908599197865,0.1265321969985962,-0.29054129123687744,0.050108056515455246,0.1240832731127739,0.08354335278272629,0.011787408031523228,0.11611587554216385,-0.2503800690174103,0.015330813825130463,0.0944189801812172,-0.2067105621099472,0.15751822292804718,-0.023439470678567886,-0.044989075511693954,-0.02749168686568737,0.024409225210547447,0.188063383102417,0.09466790407896042,-0.130620539188385,-0.09076672792434692,0.23440326750278473,-0.1845315545797348,0.019113954156637192,0.03100653365254402,-0.12363344430923462,-0.22567400336265564,-0.23920097947120667,0.03755904361605644,0.42209678888320923,0.21067139506340027,-0.16952182352542877,0.08624053001403809,-0.09439004212617874,-0.008655943907797337,0.11709810793399811,0.03328835219144821,-0.03901565447449684,-0.03275615721940994,-0.18164019286632538,-0.01685948856174946,0.13095025718212128,0.03764161095023155,-0.045406632125377655,0.16201016306877136,-0.04286942631006241,-0.008656967431306839,-0.03368900343775749,-0.017492271959781647,-0.12727795541286469,0.0205406304448843,-0.07454466819763184,-0.06459344923496246,0.10549968481063843,-0.05788661539554596,0.012209325097501278,0.07005301862955093,-0.12712924182415009,0.09279442578554153,-0.018210282549262047,0.027427900582551956,-0.03511393815279007,0.0678451731801033,-0.18898190557956696,0.03857182338833809,0.18199162185192108,-0.21608586609363556,0.21212077140808105,0.17960281670093536,0.058063678443431854,0.12450843304395676,0.08522108942270279,0.054076552391052246,0.060620784759521484,-0.04047214239835739,-0.18217964470386505,-0.07602237910032272,-0.03826627507805824,-0.030039826408028603,0.10653603076934814,0.06253397464752197]]},
  {"label":"liz","descriptors":[[-0.10824760049581528,-0.00744609022513032,0.06711971759796143,-0.012235190719366074,0.006813481915742159,-0.05905706807971001,-0.010073632933199406,0.015598950907588005,0.21372312307357788,-0.08766540139913559,0.20053675770759583,-0.007635083980858326,-0.25951358675956726,-0.05948856472969055,-0.0718197375535965,0.1378302425146103,-0.13361850380897522,-0.07493719458580017,-0.05733885616064072,-0.07623961567878723,0.08212777227163315,-0.051051490008831024,-0.05235352739691734,0.07900620996952057,-0.11207706481218338,-0.2562197148799896,-0.0616903193295002,-0.148713618516922,0.03624577820301056,-0.15276756882667542,-0.052005939185619354,0.006554683670401573,-0.10176827758550644,-0.029546406120061874,-0.05389018729329109,0.07738784700632095,0.018745167180895805,-0.07390972971916199,0.1703302413225174,-0.012405534274876118,-0.10078205913305283,-0.030868258327245712,-0.04371827840805054,0.24812781810760498,0.17550422251224518,0.11444929987192154,0.035318467766046524,-0.0074835908599197865,0.1265321969985962,-0.29054129123687744,0.050108056515455246,0.1240832731127739,0.08354335278272629,0.011787408031523228,0.11611587554216385,-0.2503800690174103,0.015330813825130463,0.0944189801812172,-0.2067105621099472,0.15751822292804718,-0.023439470678567886,-0.044989075511693954,-0.02749168686568737,0.024409225210547447,0.188063383102417,0.09466790407896042,-0.130620539188385,-0.09076672792434692,0.23440326750278473,-0.1845315545797348,0.019113954156637192,0.03100653365254402,-0.12363344430923462,-0.22567400336265564,-0.23920097947120667,0.03755904361605644,0.42209678888320923,0.21067139506340027,-0.16952182352542877,0.08624053001403809,-0.09439004212617874,-0.008655943907797337,0.11709810793399811,0.03328835219144821,-0.03901565447449684,-0.03275615721940994,-0.18164019286632538,-0.01685948856174946,0.13095025718212128,0.03764161095023155,-0.045406632125377655,0.16201016306877136,-0.04286942631006241,-0.008656967431306839,-0.03368900343775749,-0.017492271959781647,-0.12727795541286469,0.0205406304448843,-0.07454466819763184,-0.06459344923496246,0.10549968481063843,-0.05788661539554596,0.012209325097501278,0.07005301862955093,-0.12712924182415009,0.09279442578554153,-0.018210282549262047,0.027427900582551956,-0.03511393815279007,0.0678451731801033,-0.18898190557956696,0.03857182338833809,0.18199162185192108,-0.21608586609363556,0.21212077140808105,0.17960281670093536,0.058063678443431854,0.12450843304395676,0.08522108942270279,0.054076552391052246,0.060620784759521484,-0.04047214239835739,-0.18217964470386505,-0.07602237910032272,-0.03826627507805824,-0.030039826408028603,0.10653603076934814,0.06253397464752197]]}]}
